{"4688126968":{"Rare":{"id":"4688126968","time":1748245048,"position":{"Y":17,"X":-285.9196472167969,"Z":-58.80054473876953}}}}