{"4688126968":{"Rare":{"id":"4688126968","time":1748244843,"position":{"Y":17,"X":-294.3264465332031,"Z":-77.81022644042969}}}}