{"4688126968":{"Rare":{"id":"4688126968","time":1748244825,"position":{"Y":17,"X":-283.2507629394531,"Z":-79.23088073730469}}}}