{"4688126968":{"Rare":{"id":"4688126968","time":1748244513,"position":{"Y":17,"X":-275.0159606933594,"Z":-51.36925506591797}}}}